,Time,Commoners,Elites,Wealth,Nature
0,0.0,100.0,0.0,0.0,100.0
1,1.0,95.0,0.0,0.0854630744137728,99.9999269593144
2,2.0,95.0,0.0,0.0854630744137728,99.9999269593144
3,3.0,92.0,0.0,0.1603657687733476,99.99993137686364
4,4.0,92.0,0.0,0.1603657687733476,99.99993137686364
5,5.0,90.0,0.0,0.2268996333762652,99.9999343314472
6,6.0,90.0,0.0,0.2268996333762652,99.9999343314472
7,7.0,89.0,0.0,0.2867730814891814,99.99993578557326
8,8.0,89.0,0.0,0.2867730814891814,99.99993578557326
9,9.0,88.0,0.0,0.3407052881578859,99.99993722105596
10,10.0,88.0,0.0,0.3407052881578859,99.99993722105596
11,11.0,88.0,0.0,0.3898914617761905,99.99993722332891
12,12.0,88.0,0.0,0.3898914617761905,99.99993722332891
13,13.0,88.0,0.0,0.4347492521178824,99.99993722333252
14,14.0,88.0,0.0,0.4347492521178824,99.99993722333252
15,15.0,89.0,0.0,0.4761240864782547,99.99993579020422
16,16.0,89.0,0.0,0.4761240864782547,99.99993579020422
17,17.0,90.0,0.0,0.5142397060610744,99.99993433859404
18,18.0,90.0,0.0,0.5142397060610744,99.99993433859404
19,19.0,92.0,0.0,0.5510050093742078,99.99993138907882
20,20.0,92.0,0.0,0.5510050093742078,99.99993138907882
21,21.0,94.0,0.0,0.5885687949425458,99.9999283722864
22,22.0,94.0,0.0,0.5885687949425458,99.9999283722864
23,23.0,96.0,0.0,0.6269310302293154,99.99992529052962
24,24.0,96.0,0.0,0.6269310302293154,99.99992529052962
25,25.0,98.0,0.0,0.6660916826967378,99.99992214380882
26,26.0,98.0,0.0,0.6660916826967378,99.99992214380882
27,27.0,100.0,0.0,0.7060507198041154,99.9999189321205
28,28.0,100.0,0.0,0.7060507198041154,99.9999189321205
29,29.0,102.0,0.0,0.7468081090078286,99.99991565546117
30,30.0,102.0,0.0,0.7468081090078286,99.99991565546117
31,31.0,104.0,0.0,0.788363817761335,99.99991231382728
32,32.0,104.0,0.0,0.788363817761335,99.99991231382728
33,33.0,106.0,0.0,0.8307178135151689,99.99990890721536
34,34.0,106.0,0.0,0.8307178135151689,99.99990890721536
35,35.0,108.0,0.0,0.8738700637169438,99.9999054356219
36,36.0,108.0,0.0,0.8738700637169438,99.9999054356219
37,37.0,110.0,0.0,0.9178205358113474,99.99990189904338
38,38.0,110.0,0.0,0.9178205358113474,99.99990189904338
39,39.0,112.0,0.0,0.9625691972401468,99.9998982974763
40,40.0,112.0,0.0,0.9625691972401468,99.9998982974763
41,41.0,114.0,0.0,1.008116015442185,99.99989463091715
42,42.0,114.0,0.0,1.008116015442185,99.99989463091715
43,43.0,116.0,0.0,1.054460957853382,99.99989089936248
44,44.0,116.0,0.0,1.054460957853382,99.99989089936248
45,45.0,118.0,0.0,1.1016039919067302,99.99988710280869
46,46.0,118.0,0.0,1.1016039919067302,99.99988710280869
47,47.0,120.0,0.0,1.1495450850323077,99.99988324125232
48,48.0,120.0,0.0,1.1495450850323077,99.99988324125232
49,49.0,122.0,0.0,1.1982842046572586,99.99987931468984
50,50.0,122.0,0.0,1.1982842046572586,99.99987931468984
51,51.0,124.0,0.0,1.2478213182058104,99.9998753231178
52,52.0,124.0,0.0,1.2478213182058104,99.9998753231178
53,53.0,126.0,0.0,1.2981563930992623,99.99987126653262
54,54.0,126.0,0.0,1.2981563930992623,99.99987126653262
55,55.0,129.0,0.0,1.349688351300368,99.99986506451096
56,56.0,129.0,0.0,1.349688351300368,99.99986506451096
57,57.0,132.0,0.0,1.4024171172277535,99.99985871166456
58,58.0,132.0,0.0,1.4024171172277535,99.99985871166456
59,59.0,135.0,0.0,1.4563426175504226,99.99985221250188
60,60.0,135.0,0.0,1.4563426175504226,99.99985221250188
61,61.0,138.0,0.0,1.5114647789327529,99.99984556702158
62,62.0,138.0,0.0,1.5114647789327529,99.99984556702158
63,63.0,141.0,0.0,1.5677835280292598,99.99983877521184
64,64.0,141.0,0.0,1.5677835280292598,99.99983877521184
65,65.0,144.0,0.0,1.6252987914845898,99.9998318370608
66,66.0,144.0,0.0,1.6252987914845898,99.9998318370608
67,67.0,147.0,0.0,1.6840104959335176,99.99982475255668
68,68.0,147.0,0.0,1.6840104959335176,99.99982475255668
69,69.0,150.0,0.0,1.7439185680009417,99.99981752168756
70,70.0,150.0,0.0,1.7439185680009417,99.99981752168756
71,71.0,153.0,0.0,1.8050229343018875,99.99981014444164
72,72.0,153.0,0.0,1.8050229343018875,99.99981014444164
73,73.0,156.0,0.0,1.8673235214415085,99.9998026208071
74,74.0,156.0,0.0,1.8673235214415085,99.9998026208071
75,75.0,159.0,0.0,1.930820256015081,99.99979495077204
76,76.0,159.0,0.0,1.930820256015081,99.99979495077204
77,77.0,162.0,0.0,1.9955130646080048,99.99978713432463
78,78.0,162.0,0.0,1.9955130646080048,99.99978713432463
79,79.0,165.0,0.0,2.061401873795768,99.99977917145308
80,80.0,165.0,0.0,2.061401873795768,99.99977917145308
81,81.0,168.0,0.0,2.1284866101440545,99.99977106214548
82,82.0,168.0,0.0,2.1284866101440545,99.99977106214548
83,83.0,171.0,0.0,2.196767200208626,99.99976280638998
84,84.0,171.0,0.0,2.196767200208626,99.99976280638998
85,85.0,174.0,0.0,2.2662435705353814,99.99975440417477
86,86.0,174.0,0.0,2.2662435705353814,99.99975440417477
87,87.0,177.0,0.0,2.336915647660328,99.99974585548796
88,88.0,177.0,0.0,2.336915647660328,99.99974585548796
89,89.0,181.0,0.0,2.409181890912919,99.99973423875552
90,90.0,181.0,0.0,2.409181890912919,99.99973423875552
91,91.0,185.0,0.0,2.4830421651859096,99.99972235265322
92,92.0,185.0,0.0,2.4830421651859096,99.99972235265322
93,93.0,189.0,0.0,2.5584963398024327,99.99971020606014
94,94.0,189.0,0.0,2.5584963398024327,99.99971020606014
95,95.0,193.0,0.0,2.635544284076691,99.9996977989772
96,96.0,193.0,0.0,2.635544284076691,99.9996977989772
97,97.0,197.0,0.0,2.7141858672995127,99.99968513137637
98,98.0,197.0,0.0,2.7141858672995127,99.99968513137637
99,99.0,201.0,0.0,2.794420958738293,99.99967220322957
100,100.0,201.0,0.0,2.794420958738293,99.99967220322957
101,101.0,205.0,0.0,2.8762494276369988,99.99965901450868
102,102.0,205.0,0.0,2.8762494276369988,99.99965901450868
103,103.0,209.0,0.0,2.95967114321616,99.99964556518562
104,104.0,209.0,0.0,2.95967114321616,99.99964556518562
105,105.0,213.0,0.0,3.0446859746728765,99.99963185523228
106,106.0,213.0,0.0,3.0446859746728765,99.99963185523228
107,107.0,217.0,0.0,3.131293791180811,99.99961788462052
108,108.0,217.0,0.0,3.131293791180811,99.99961788462052
109,109.0,221.0,0.0,3.219494461890182,99.99960365332232
110,110.0,221.0,0.0,3.219494461890182,99.99960365332232
111,111.0,225.0,0.0,3.30928785592777,99.99958916130949
112,112.0,225.0,0.0,3.30928785592777,99.99958916130949
113,113.0,230.0,0.0,3.401071977625518,99.99957069477176
114,114.0,230.0,0.0,3.401071977625518,99.99957069477176
115,115.0,235.0,0.0,3.4948466152042204,99.99955180635492
116,116.0,235.0,0.0,3.4948466152042204,99.99955180635492
117,117.0,240.0,0.0,3.590611564023837,99.99953251037292
118,118.0,240.0,0.0,3.590611564023837,99.99953251037292
119,119.0,245.0,0.0,3.68836661942824,99.99951280683028
120,120.0,245.0,0.0,3.68836661942824,99.99951280683028
121,121.0,250.0,0.0,3.788111576715617,99.99949269567232
122,122.0,250.0,0.0,3.788111576715617,99.99949269567232
123,123.0,255.0,0.0,3.889846231138328,99.9994721768441
124,124.0,255.0,0.0,3.889846231138328,99.9994721768441
125,125.0,260.0,0.0,3.993570377902939,99.99945125029068
126,126.0,260.0,0.0,3.993570377902939,99.99945125029068
127,127.0,265.0,0.0,4.099283812170293,99.99942991595717
128,128.0,265.0,0.0,4.099283812170293,99.99942991595717
129,129.0,270.0,0.0,4.206986329055189,99.99940817378852
130,130.0,270.0,0.0,4.206986329055189,99.99940817378852
131,131.0,275.0,0.0,4.316677723626698,99.99938602372984
132,132.0,275.0,0.0,4.316677723626698,99.99938602372984
133,133.0,281.0,0.0,4.428755512161707,99.99935892779108
134,134.0,281.0,0.0,4.428755512161707,99.99935892779108
135,135.0,287.0,0.0,4.543219388653707,99.99933122279698
136,136.0,287.0,0.0,4.543219388653707,99.99933122279698
137,137.0,293.0,0.0,4.660069057734044,99.9993029300848
138,138.0,293.0,0.0,4.660069057734044,99.9993029300848
139,139.0,299.0,0.0,4.779304224008947,99.99927404966778
140,140.0,299.0,0.0,4.779304224008947,99.99927404966778
141,141.0,305.0,0.0,4.9009245920056665,99.99924458145144
142,142.0,305.0,0.0,4.9009245920056665,99.99924458145144
143,143.0,311.0,0.0,5.024929866172191,99.99921452534082
144,144.0,311.0,0.0,5.024929866172191,99.99921452534082
145,145.0,317.0,0.0,5.151319750877244,99.99918388124084
146,146.0,317.0,0.0,5.151319750877244,99.99918388124084
147,147.0,323.0,0.0,5.280093950410281,99.99915264905648
148,148.0,323.0,0.0,5.280093950410281,99.99915264905648
149,149.0,329.0,0.0,5.411252168981449,99.99912082869268
150,150.0,329.0,0.0,5.411252168981449,99.99912082869268
151,151.0,336.0,0.0,5.545191385331644,99.99908299378284
152,152.0,336.0,0.0,5.545191385331644,99.99908299378284
153,153.0,343.0,0.0,5.681911181227341,99.9990443272248
154,154.0,343.0,0.0,5.681911181227341,99.9990443272248
155,155.0,350.0,0.0,5.82141115362747,99.99900485950108
156,156.0,350.0,0.0,5.82141115362747,99.99900485950108
157,157.0,357.0,0.0,5.963690899457441,99.99896459064564
158,158.0,357.0,0.0,5.963690899457441,99.99896459064564
159,159.0,364.0,0.0,6.108750015517226,99.99892352050854
160,160.0,364.0,0.0,6.108750015517226,99.99892352050854
161,161.0,371.0,0.0,6.256588098480772,99.99888164893876
162,162.0,371.0,0.0,6.256588098480772,99.99888164893876
163,163.0,378.0,0.0,6.407204744895995,99.9988389757852
164,164.0,378.0,0.0,6.407204744895995,99.9988389757852
165,165.0,386.0,0.0,6.560996419582365,99.9987892674729
166,166.0,386.0,0.0,6.560996419582365,99.9987892674729
167,167.0,394.0,0.0,6.717962574917694,99.99873847115327
168,168.0,394.0,0.0,6.717962574917694,99.99873847115327
169,169.0,402.0,0.0,6.8781026832813374,99.99868662697516
170,170.0,402.0,0.0,6.8781026832813374,99.99868662697516
171,171.0,410.0,0.0,7.0414162170043335,99.9986337349928
172,172.0,410.0,0.0,7.0414162170043335,99.9986337349928
173,173.0,418.0,0.0,7.207902648230386,99.99857979498252
174,174.0,418.0,0.0,7.207902648230386,99.99857979498252
175,175.0,426.0,0.0,7.377561448914871,99.99852480671862
176,176.0,426.0,0.0,7.377561448914871,99.99852480671862
177,177.0,435.0,0.0,7.550788560972415,99.99846174593256
178,178.0,435.0,0.0,7.550788560972415,99.99846174593256
179,179.0,444.0,0.0,7.727583289809724,99.99839730629049
180,180.0,444.0,0.0,7.727583289809724,99.99839730629049
181,181.0,453.0,0.0,7.907944966168232,99.99833153866952
182,182.0,453.0,0.0,7.907944966168232,99.99833153866952
183,183.0,462.0,0.0,8.091872920720734,99.99826444314796
184,184.0,462.0,0.0,8.091872920720734,99.99826444314796
185,185.0,471.0,0.0,8.279366483873414,99.99819601940736
186,186.0,471.0,0.0,8.279366483873414,99.99819601940736
187,187.0,480.0,0.0,8.470424985764188,99.9981262671261
188,188.0,480.0,0.0,8.470424985764188,99.9981262671261
189,189.0,490.0,0.0,8.665443779193888,99.99804727495211
190,190.0,490.0,0.0,8.665443779193888,99.99804727495211
191,191.0,500.0,0.0,8.864422003755815,99.99796657634388
192,192.0,500.0,0.0,8.864422003755815,99.99796657634388
193,193.0,510.0,0.0,9.067358831133332,99.9978842357664
194,194.0,510.0,0.0,9.067358831133332,99.9978842357664
195,195.0,520.0,0.0,9.274253432926622,99.99780025334894
196,196.0,520.0,0.0,9.274253432926622,99.99780025334894
197,197.0,530.0,0.0,9.485104980369792,99.99771462865492
198,198.0,530.0,0.0,9.485104980369792,99.99771462865492
199,199.0,541.0,0.0,9.70030825239104,99.9976186281757
200,200.0,541.0,0.0,9.70030825239104,99.9976186281757
201,201.0,552.0,0.0,9.91986220538311,99.99752055970671
202,202.0,552.0,0.0,9.91986220538311,99.99752055970671
203,203.0,563.0,0.0,10.143765834760522,99.99742050167131
204,204.0,563.0,0.0,10.143765834760522,99.99742050167131
205,205.0,574.0,0.0,10.372018135830206,99.99731845424814
206,206.0,574.0,0.0,10.372018135830206,99.99731845424814
207,207.0,585.0,0.0,10.604618103411598,99.99721441685632
208,208.0,585.0,0.0,10.604618103411598,99.99721441685632
209,209.0,597.0,0.0,10.841959884143094,99.99709875367672
210,210.0,597.0,0.0,10.841959884143094,99.99709875367672
211,211.0,609.0,0.0,11.08404223200936,99.99698062373558
212,212.0,609.0,0.0,11.08404223200936,99.99698062373558
213,213.0,621.0,0.0,11.330863948424916,99.99686012238551
214,214.0,621.0,0.0,11.330863948424916,99.99686012238551
215,215.0,633.0,0.0,11.58242383468039,99.99673724989114
216,216.0,633.0,0.0,11.58242383468039,99.99673724989114
217,217.0,646.0,0.0,11.839115444797253,99.99660158131005
218,218.0,646.0,0.0,11.839115444797253,99.99660158131005
219,219.0,659.0,0.0,12.100937313601683,99.99646301449476
220,220.0,659.0,0.0,12.100937313601683,99.99646301449476
221,221.0,672.0,0.0,12.367888031300724,99.99632166083492
222,222.0,672.0,0.0,12.367888031300724,99.99632166083492
223,223.0,685.0,0.0,12.639966187939716,99.996177520659
224,224.0,685.0,0.0,12.639966187939716,99.996177520659
225,225.0,699.0,0.0,12.917564694419148,99.99601931587864
226,226.0,699.0,0.0,12.917564694419148,99.99601931587864
227,227.0,713.0,0.0,13.200681847097028,99.99585774414555
228,228.0,713.0,0.0,13.200681847097028,99.99585774414555
229,229.0,727.0,0.0,13.489316007020792,99.99569293562344
230,230.0,727.0,0.0,13.489316007020792,99.99569293562344
231,231.0,742.0,0.0,13.783859506336071,99.99551292197548
232,232.0,742.0,0.0,13.783859506336071,99.99551292197548
233,233.0,757.0,0.0,14.084310387309044,99.99532904203714
234,234.0,757.0,0.0,14.084310387309044,99.99532904203714
235,235.0,772.0,0.0,14.39066676485228,99.99514144206796
236,236.0,772.0,0.0,14.39066676485228,99.99514144206796
237,237.0,787.0,0.0,14.702926753609832,99.99495012253507
238,238.0,787.0,0.0,14.702926753609832,99.99495012253507
239,239.0,803.0,0.0,15.02148194098366,99.99474213246737
240,240.0,803.0,0.0,15.02148194098366,99.99474213246737
241,241.0,819.0,0.0,15.346330091280503,99.99452973161948
242,242.0,819.0,0.0,15.346330091280503,99.99452973161948
243,243.0,835.0,0.0,15.677469053753322,99.99431309105805
244,244.0,835.0,0.0,15.677469053753322,99.99431309105805
245,245.0,852.0,0.0,16.0152897517482,99.99407847462938
246,246.0,852.0,0.0,16.0152897517482,99.99407847462938
247,247.0,869.0,0.0,16.359789656554565,99.99383887342135
248,248.0,869.0,0.0,16.359789656554565,99.99383887342135
249,249.0,886.0,0.0,16.71096633482188,99.99359447957008
250,250.0,886.0,0.0,16.71096633482188,99.99359447957008
251,251.0,904.0,0.0,17.06921000294996,99.9933307219234
252,252.0,904.0,0.0,17.06921000294996,99.9933307219234
253,253.0,922.0,0.0,17.434517819414328,99.99306136770488
254,254.0,922.0,0.0,17.434517819414328,99.99306136770488
255,255.0,940.0,0.0,17.80688704977785,99.992786632765
256,256.0,940.0,0.0,17.80688704977785,99.992786632765
257,257.0,959.0,0.0,18.18670716033097,99.9924910632836
258,258.0,959.0,0.0,18.18670716033097,99.9924910632836
259,259.0,978.0,0.0,18.573974976580608,99.9921892471108
260,260.0,978.0,0.0,18.573974976580608,99.9921892471108
261,261.0,998.0,0.0,18.969079326962145,99.99186534630988
262,262.0,998.0,0.0,18.969079326962145,99.99186534630988
263,263.0,1018.0,0.0,19.37201669160173,99.99153452378022
264,264.0,1018.0,0.0,19.37201669160173,99.99153452378022
265,265.0,1038.0,0.0,19.7827836804082,99.99119704139284
266,266.0,1038.0,0.0,19.7827836804082,99.99119704139284
267,267.0,1059.0,0.0,20.20176828701353,99.99083584173766
268,268.0,1059.0,0.0,20.20176828701353,99.99083584173766
269,269.0,1080.0,0.0,20.62896661774169,99.99046699291814
270,270.0,1080.0,0.0,20.62896661774169,99.99046699291814
271,271.0,1102.0,0.0,21.06476595766532,99.99007304156832
272,272.0,1102.0,0.0,21.06476595766532,99.99007304156832
273,273.0,1124.0,0.0,21.509162028167093,99.98967069089792
274,274.0,1124.0,0.0,21.509162028167093,99.98967069089792
275,275.0,1146.0,0.0,21.96215070807252,99.98926025886897
276,276.0,1146.0,0.0,21.96215070807252,99.98926025886897
277,277.0,1169.0,0.0,22.42411836045714,99.98882292612832
278,278.0,1169.0,0.0,22.42411836045714,99.98882292612832
279,279.0,1192.0,0.0,22.89506029053501,99.9883763870782
280,280.0,1192.0,0.0,22.89506029053501,99.9883763870782
281,281.0,1216.0,0.0,23.37536208094084,99.98790142559912
282,282.0,1216.0,0.0,23.37536208094084,99.98790142559912
283,283.0,1240.0,0.0,23.86501861115932,99.98741643079232
284,284.0,1240.0,0.0,23.86501861115932,99.98741643079232
285,285.0,1265.0,0.0,24.364414651122072,99.98690143106109
286,286.0,1265.0,0.0,24.364414651122072,99.98690143106109
287,287.0,1290.0,0.0,24.87354463415189,99.98637553258745
288,288.0,1290.0,0.0,24.87354463415189,99.98637553258745
289,289.0,1316.0,0.0,25.392792481594363,99.98581797894242
290,290.0,1316.0,0.0,25.392792481594363,99.98581797894242
291,291.0,1342.0,0.0,25.92215215980617,99.98524862218424
292,292.0,1342.0,0.0,25.92215215980617,99.98524862218424
293,293.0,1369.0,0.0,26.4620067054091,99.98464589202295
294,294.0,1369.0,0.0,26.4620067054091,99.98464589202295
295,295.0,1396.0,0.0,27.01234959667552,99.98403041498236
296,296.0,1396.0,0.0,27.01234959667552,99.98403041498236
297,297.0,1424.0,0.0,27.57356294910073,99.98337977808124
298,298.0,1424.0,0.0,27.57356294910073,99.98337977808124
299,299.0,1452.0,0.0,28.14563973142698,99.98271541068225
300,300.0,1452.0,0.0,28.14563973142698,99.98271541068225
301,301.0,1481.0,0.0,28.72896110134364,99.98201402848755
302,302.0,1481.0,0.0,28.72896110134364,99.98201402848755
303,303.0,1511.0,0.0,29.32390718027872,99.9812736045898
304,304.0,1511.0,0.0,29.32390718027872,99.9812736045898
305,305.0,1541.0,0.0,29.930469866633253,99.98051738241163
306,306.0,1541.0,0.0,29.930469866633253,99.98051738241163
307,307.0,1572.0,0.0,30.549028539556577,99.97972070399749
308,308.0,1572.0,0.0,30.549028539556577,99.97972070399749
309,309.0,1603.0,0.0,31.17957453028677,99.9789071382468
310,310.0,1603.0,0.0,31.17957453028677,99.9789071382468
311,311.0,1635.0,0.0,31.822486149412637,99.97805105527704
312,312.0,1635.0,0.0,31.822486149412637,99.97805105527704
313,313.0,1668.0,0.0,32.4781405259739,99.97715014866732
314,314.0,1668.0,0.0,32.4781405259739,99.97715014866732
315,315.0,1701.0,0.0,33.146527790501096,99.97623004513954
316,316.0,1701.0,0.0,33.146527790501096,99.97623004513954
317,317.0,1735.0,0.0,33.828024278802,99.97526361862889
318,318.0,1735.0,0.0,33.828024278802,99.97526361862889
319,319.0,1770.0,0.0,34.523005045922105,99.97424837235113
320,320.0,1770.0,0.0,34.523005045922105,99.97424837235113
321,321.0,1805.0,0.0,35.23145894270041,99.97321147565827
322,322.0,1805.0,0.0,35.23145894270041,99.97321147565827
323,323.0,1841.0,0.0,35.95376019772645,99.97212420597478
324,324.0,1841.0,0.0,35.95376019772645,99.97212420597478
325,325.0,1878.0,0.0,36.69028165329279,99.97098386435962
326,326.0,1878.0,0.0,36.69028165329279,99.97098386435962
327,327.0,1916.0,0.0,37.441395147248514,99.96978851918092
328,328.0,1916.0,0.0,37.441395147248514,99.96978851918092
329,329.0,1954.0,0.0,38.20708746100606,99.96856756521149
330,330.0,1954.0,0.0,38.20708746100606,99.96856756521149
331,331.0,1993.0,0.0,38.987729569837335,99.96729000265684
332,332.0,1993.0,0.0,38.987729569837335,99.96729000265684
333,333.0,2033.0,0.0,39.78369090206058,99.96595282566292
334,334.0,2033.0,0.0,39.78369090206058,99.96595282566292
335,335.0,2074.0,0.0,40.5953397873235,99.96455392898316
336,336.0,2074.0,0.0,40.5953397873235,99.96455392898316
337,337.0,2115.0,0.0,41.42266073357745,99.96312509433017
338,338.0,2115.0,0.0,41.42266073357745,99.96312509433017
339,339.0,2157.0,0.0,42.26602116918652,99.96163288102407
340,340.0,2157.0,0.0,42.26602116918652,99.96163288102407
341,341.0,2200.0,0.0,43.12578680085455,99.96007395024144
342,342.0,2200.0,0.0,43.12578680085455,99.96007395024144
343,343.0,2244.0,0.0,44.00232213898702,99.95844601838203
344,344.0,2244.0,0.0,44.00232213898702,99.95844601838203
345,345.0,2289.0,0.0,44.89599048766744,99.95674678728976
346,346.0,2289.0,0.0,44.89599048766744,99.95674678728976
347,347.0,2335.0,0.0,45.80715391429069,99.95497390381122
348,348.0,2335.0,0.0,45.80715391429069,99.95497390381122
349,349.0,2382.0,0.0,46.73617321816991,99.95312495795623
350,350.0,2382.0,0.0,46.73617321816991,99.95312495795623
351,351.0,2430.0,0.0,47.683407898845545,99.95119748252762
352,352.0,2430.0,0.0,47.683407898845545,99.95119748252762
353,353.0,2479.0,0.0,48.649216124120535,99.94918895280044
354,354.0,2479.0,0.0,48.649216124120535,99.94918895280044
355,355.0,2529.0,0.0,49.63395469781716,99.94709678619655
356,356.0,2529.0,0.0,49.63395469781716,99.94709678619655
357,357.0,2580.0,0.0,50.63797902724571,99.94491834195132
358,358.0,2580.0,0.0,50.63797902724571,99.94491834195132
359,359.0,2632.0,0.0,51.66164309038382,99.94265092077268
360,360.0,2632.0,0.0,51.66164309038382,99.94265092077268
361,361.0,2685.0,0.0,52.70529940275355,99.94029176449251
362,362.0,2685.0,0.0,52.70529940275355,99.94029176449251
363,363.0,2739.0,0.0,53.76929898399371,99.93783805571049
364,364.0,2739.0,0.0,53.76929898399371,99.93783805571049
365,365.0,2794.0,0.0,54.85399132411961,99.93528691742958
366,366.0,2794.0,0.0,54.85399132411961,99.93528691742958
367,367.0,2850.0,0.0,55.95972434946309,99.93263541268432
368,368.0,2850.0,0.0,55.95972434946309,99.93263541268432
369,369.0,2907.0,0.0,57.08684438828632,99.92988054416088
370,370.0,2907.0,0.0,57.08684438828632,99.92988054416088
371,371.0,2965.0,0.0,58.23569613606111,99.92701925380916
372,372.0,2965.0,0.0,58.23569613606111,99.92701925380916
373,373.0,3024.0,0.0,59.40662262040949,99.92404842244704
374,374.0,3024.0,0.0,59.40662262040949,99.92404842244704
375,375.0,3084.0,0.0,60.59996516569557,99.92096486935657
376,376.0,3084.0,0.0,60.59996516569557,99.92096486935657
377,377.0,3146.0,0.0,61.8164375404707,99.91771520660186
378,378.0,3146.0,0.0,61.8164375404707,99.91771520660186
379,379.0,3209.0,0.0,63.05637508827535,99.91434146487634
380,380.0,3209.0,0.0,63.05637508827535,99.91434146487634
381,381.0,3273.0,0.0,64.32011254704746,99.91084269234976
382,382.0,3273.0,0.0,64.32011254704746,99.91084269234976
383,383.0,3338.0,0.0,65.60798284243309,99.90721553718572
384,384.0,3338.0,0.0,65.60798284243309,99.90721553718572
385,385.0,3405.0,0.0,66.92068901314492,99.90340225537425
386,386.0,3405.0,0.0,66.92068901314492,99.90340225537425
387,387.0,3473.0,0.0,68.25855732100281,99.89944798814685
388,388.0,3473.0,0.0,68.25855732100281,99.89944798814685
389,389.0,3542.0,0.0,69.6219134388493,99.89535186881535
390,390.0,3542.0,0.0,69.6219134388493,99.89535186881535
391,391.0,3613.0,0.0,71.01145135206067,99.89105281749616
392,392.0,3613.0,0.0,71.01145135206067,99.89105281749616
393,393.0,3685.0,0.0,72.42748958325843,99.88659844470372
394,394.0,3685.0,0.0,72.42748958325843,99.88659844470372
395,395.0,3759.0,0.0,73.87071515921157,99.88192824823552
396,396.0,3759.0,0.0,73.87071515921157,99.88192824823552
397,397.0,3834.0,0.0,75.34144064188837,99.8770917196785
398,398.0,3834.0,0.0,75.34144064188837,99.8770917196785
399,399.0,3911.0,0.0,76.8403458408772,99.87202605832884
400,400.0,3911.0,0.0,76.8403458408772,99.87202605832884
401,401.0,3989.0,0.0,78.36773705051223,99.8667825299442
402,402.0,3989.0,0.0,78.36773705051223,99.8667825299442
403,403.0,4069.0,0.0,79.92428650541005,99.86129595135932
404,404.0,4069.0,0.0,79.92428650541005,99.86129595135932
405,405.0,4150.0,0.0,81.51029391107079,99.85561942466744
406,406.0,4150.0,0.0,81.51029391107079,99.85561942466744
407,407.0,4233.0,0.0,83.12642356058171,99.84968531226929
408,408.0,4233.0,0.0,83.12642356058171,99.84968531226929
409,409.0,4318.0,0.0,84.77333263414519,99.84348022520376
410,410.0,4318.0,0.0,84.77333263414519,99.84348022520376
411,411.0,4404.0,0.0,86.45130933479993,99.8370641429261
412,412.0,4404.0,0.0,86.45130933479993,99.8370641429261
413,413.0,4492.0,0.0,88.16100445644337,99.83036585600284
414,414.0,4492.0,0.0,88.16100445644337,99.83036585600284
415,415.0,4582.0,0.0,89.90306105854597,99.8233708539408
416,416.0,4582.0,0.0,89.90306105854597,99.8233708539408
417,417.0,4674.0,0.0,91.67811646892436,99.81606867335498
418,418.0,4674.0,0.0,91.67811646892436,99.81606867335498
419,419.0,4767.0,0.0,93.48644168334076,99.80852424525544
420,420.0,4767.0,0.0,93.48644168334076,99.80852424525544
421,421.0,4862.0,0.0,95.3286672749436,99.8006609846708
422,422.0,4862.0,0.0,95.3286672749436,99.8006609846708
423,423.0,4959.0,0.0,97.20541515157176,99.79246270850184
424,424.0,4959.0,0.0,97.20541515157176,99.79246270850184
425,425.0,5058.0,0.0,99.1173008749313,99.7839179189381
426,426.0,5058.0,0.0,99.1173008749313,99.7839179189381
427,427.0,5159.0,0.0,101.0649337020914,99.77501525812214
428,428.0,5159.0,0.0,101.0649337020914,99.77501525812214
429,429.0,5262.0,0.0,103.04891643539142,99.7657431277916
430,430.0,5262.0,0.0,103.04891643539142,99.7657431277916
431,431.0,5367.0,0.0,105.0698452537626,99.75608965437466
432,432.0,5367.0,0.0,105.0698452537626,99.75608965437466
433,433.0,5474.0,0.0,107.1283095400358,99.74604268322928
434,434.0,5474.0,0.0,107.1283095400358,99.74604268322928
435,435.0,5583.0,0.0,109.2248917054329,99.73558977532876
436,436.0,5583.0,0.0,109.2248917054329,99.73558977532876
437,437.0,5695.0,0.0,111.36051978303652,99.7246287107497
438,438.0,5695.0,0.0,111.36051978303652,99.7246287107497
439,439.0,5809.0,0.0,113.5357552175446,99.71322342325055
440,440.0,5809.0,0.0,113.5357552175446,99.71322342325055
441,441.0,5925.0,0.0,115.75115561492292,99.70136796241572
442,442.0,5925.0,0.0,115.75115561492292,99.70136796241572
443,443.0,6044.0,0.0,118.00762097837882,99.68895454678844
444,444.0,6044.0,0.0,118.00762097837882,99.68895454678844
445,445.0,6165.0,0.0,120.30568640366296,99.67605014366792
446,446.0,6165.0,0.0,120.30568640366296,99.67605014366792
447,447.0,6288.0,0.0,122.6458829257042,99.66264862285328
448,448.0,6288.0,0.0,122.6458829257042,99.66264862285328
449,449.0,6414.0,0.0,125.02908022539664,99.64863570224622
450,450.0,6414.0,0.0,125.02908022539664,99.64863570224622
451,451.0,6542.0,0.0,127.45578481535732,99.63408145198748
452,452.0,6542.0,0.0,127.45578481535732,99.63408145198748
453,453.0,6673.0,0.0,129.92684337124487,99.61887535088874
454,454.0,6673.0,0.0,129.92684337124487,99.61887535088874
455,455.0,6806.0,0.0,132.44274103926625,99.6030904759039
456,456.0,6806.0,0.0,132.44274103926625,99.6030904759039
457,457.0,6942.0,0.0,135.0043007112473,99.58661227697714
458,458.0,6942.0,0.0,135.0043007112473,99.58661227697714
459,459.0,7081.0,0.0,137.61232596225295,99.56940571883196
460,460.0,7081.0,0.0,137.61232596225295,99.56940571883196
461,461.0,7223.0,0.0,140.26760524728394,99.5514443182864
462,462.0,7223.0,0.0,140.26760524728394,99.5514443182864
463,463.0,7367.0,0.0,142.97057352881876,99.53281661682688
464,464.0,7367.0,0.0,142.97057352881876,99.53281661682688
465,465.0,7514.0,0.0,145.72199888364446,99.5134006552071
466,466.0,7514.0,0.0,145.72199888364446,99.5134006552071
467,467.0,7664.0,0.0,148.52262770650378,99.4931574034144
468,468.0,7664.0,0.0,148.52262770650378,99.4931574034144
469,469.0,7817.0,0.0,151.3731894538288,99.47205750062275
470,470.0,7817.0,0.0,151.3731894538288,99.47205750062275
471,471.0,7973.0,0.0,154.27439683063915,99.45007217520212
472,472.0,7973.0,0.0,154.27439683063915,99.45007217520212
473,473.0,8132.0,0.0,157.22694539419706,99.42717208992823
474,474.0,8132.0,0.0,157.22694539419706,99.42717208992823
475,475.0,8295.0,0.0,160.23184354658562,99.40319887702246
476,476.0,8295.0,0.0,160.23184354658562,99.40319887702246
477,477.0,8461.0,0.0,163.28973881292737,99.37822643422136
478,478.0,8461.0,0.0,163.28973881292737,99.37822643422136
479,479.0,8630.0,0.0,166.4012672792605,99.35223758510386
480,480.0,8630.0,0.0,166.4012672792605,99.35223758510386
481,481.0,8803.0,0.0,169.56737283558942,99.32506610012416
482,482.0,8803.0,0.0,169.56737283558942,99.32506610012416
483,483.0,8979.0,0.0,172.78864003461138,99.29678853183016
484,484.0,8979.0,0.0,172.78864003461138,99.29678853183016
485,485.0,9159.0,0.0,176.06596401347,99.26724582547118
486,486.0,9159.0,0.0,176.06596401347,99.26724582547118
487,487.0,9342.0,0.0,179.39988254133004,99.23651816732914
488,488.0,9342.0,0.0,179.39988254133004,99.23651816732914
489,489.0,9529.0,0.0,182.7912401915044,99.20444073767064
490,490.0,9529.0,0.0,182.7912401915044,99.20444073767064
491,491.0,9720.0,0.0,186.24084329082527,99.17094656467114
492,492.0,9720.0,0.0,186.24084329082527,99.17094656467114
493,493.0,9914.0,0.0,189.74915037748605,99.13613446237814
494,494.0,9914.0,0.0,189.74915037748605,99.13613446237814
495,495.0,10112.0,0.0,193.3169218408456,99.09983271374772
496,496.0,10112.0,0.0,193.3169218408456,99.09983271374772
497,497.0,10314.0,0.0,196.94487635196444,99.06196884252024
498,498.0,10314.0,0.0,196.94487635196444,99.06196884252024
499,499.0,10520.0,0.0,200.6336981675135,99.02248545709011
500,500.0,10520.0,0.0,200.6336981675135,99.02248545709011
501,501.0,10730.0,0.0,204.3840374941768,98.98132644752155
502,502.0,10730.0,0.0,204.3840374941768,98.98132644752155
503,503.0,10945.0,0.0,208.19681693870731,98.93826830464104
504,504.0,10945.0,0.0,208.19681693870731,98.93826830464104
505,505.0,11164.0,0.0,212.0725961732897,98.89338098932464
506,506.0,11164.0,0.0,212.0725961732897,98.89338098932464
507,507.0,11387.0,0.0,216.01190937933947,98.84662733524006
508,508.0,11387.0,0.0,216.01190937933947,98.84662733524006
509,509.0,11615.0,0.0,220.0155558792651,98.79777383123944
510,510.0,11615.0,0.0,220.0155558792651,98.79777383123944
511,511.0,11847.0,0.0,224.08397269039685,98.74689149605597
512,512.0,11847.0,0.0,224.08397269039685,98.74689149605597
513,513.0,12084.0,0.0,228.21786603645796,98.6937582328318
514,514.0,12084.0,0.0,228.21786603645796,98.6937582328318
515,515.0,12326.0,0.0,232.41787694300743,98.63826365297366
516,516.0,12326.0,0.0,232.41787694300743,98.63826365297366
517,517.0,12573.0,0.0,236.6845906063521,98.58031702886268
518,518.0,12573.0,0.0,236.6845906063521,98.58031702886268
519,519.0,12824.0,0.0,241.01824628663783,98.52002182427628
520,520.0,12824.0,0.0,241.01824628663783,98.52002182427628
521,521.0,13080.0,0.0,245.4193428841593,98.4571445524632
522,522.0,13080.0,0.0,245.4193428841593,98.4571445524632
523,523.0,13342.0,0.0,249.8885916906096,98.39136323180668
524,524.0,13342.0,0.0,249.8885916906096,98.39136323180668
525,525.0,13609.0,0.0,254.42632685686343,98.32272272054436
526,526.0,13609.0,0.0,254.42632685686343,98.32272272054436
527,527.0,13881.0,0.0,259.03283532977355,98.25115517691644
528,528.0,13881.0,0.0,259.03283532977355,98.25115517691644
529,529.0,14159.0,0.0,263.70862130318613,98.17635593990218
530,530.0,14159.0,0.0,263.70862130318613,98.17635593990218
531,531.0,14442.0,0.0,268.45381379448816,98.09837437638905
532,532.0,14442.0,0.0,268.45381379448816,98.09837437638905
533,533.0,14731.0,0.0,273.26876363758896,98.01692063046558
534,534.0,14731.0,0.0,273.26876363758896,98.01692063046558
535,535.0,15026.0,0.0,278.15371878833446,97.93182636772822
536,536.0,15026.0,0.0,278.15371878833446,97.93182636772822
537,537.0,15327.0,0.0,283.1088360054671,97.84294838622364
538,538.0,15327.0,0.0,283.1088360054671,97.84294838622364
539,539.0,15634.0,0.0,288.13418124602447,97.75014626673332
540,540.0,15634.0,0.0,288.13418124602447,97.75014626673332
541,541.0,15947.0,0.0,293.2297273363635,97.65327704492414
542,542.0,15947.0,0.0,293.2297273363635,97.65327704492414
543,543.0,16266.0,0.0,298.3953509205272,97.5521938651659
544,544.0,16266.0,0.0,298.3953509205272,97.5521938651659
545,545.0,16591.0,0.0,303.63082916067987,97.4467455809962
546,546.0,16591.0,0.0,303.63082916067987,97.4467455809962
547,547.0,16923.0,0.0,308.93608942131755,97.33653076684034
548,548.0,16923.0,0.0,308.93608942131755,97.33653076684034
549,549.0,17261.0,0.0,314.3106578563495,97.22155649965076
550,550.0,17261.0,0.0,314.3106578563495,97.22155649965076
551,551.0,17606.0,0.0,319.75421964992853,97.10144828832848
552,552.0,17606.0,0.0,319.75421964992853,97.10144828832848
553,553.0,17958.0,0.0,325.2663041655129,96.97596015928868
554,554.0,17958.0,0.0,325.2663041655129,96.97596015928868
555,555.0,18317.0,0.0,330.84629860920114,96.8448766346892
556,556.0,18317.0,0.0,330.84629860920114,96.8448766346892
557,557.0,18683.0,0.0,336.49344818921253,96.7079860814258
558,558.0,18683.0,0.0,336.49344818921253,96.7079860814258
559,559.0,19057.0,0.0,342.2070856340018,96.56480148182187
560,560.0,19057.0,0.0,342.2070856340018,96.56480148182187
561,561.0,19438.0,0.0,347.9861091563296,96.41527821411157
562,562.0,19438.0,0.0,347.9861091563296,96.41527821411157
563,563.0,19827.0,0.0,353.82951325717573,96.25896022242593
564,564.0,19827.0,0.0,353.82951325717573,96.25896022242593
565,565.0,20224.0,0.0,359.73608062126124,96.09552228173914
566,566.0,20224.0,0.0,359.73608062126124,96.09552228173914
567,567.0,20628.0,0.0,365.7041780839226,95.92496266163724
568,568.0,20628.0,0.0,365.7041780839226,95.92496266163724
569,569.0,21041.0,0.0,371.7324648839596,95.74651734454284
570,570.0,21041.0,0.0,371.7324648839596,95.74651734454284
571,571.0,21462.0,0.0,377.8190935743066,95.56001887992898
572,572.0,21462.0,0.0,377.8190935743066,95.56001887992898
573,573.0,21891.0,0.0,383.9620267786048,95.3652075464244
574,574.0,21891.0,0.0,383.9620267786048,95.3652075464244
575,575.0,22329.0,0.0,390.1592177450564,95.16147842947176
576,576.0,22329.0,0.0,390.1592177450564,95.16147842947176
577,577.0,22776.0,0.0,396.4083255434457,94.94838949102174
578,578.0,22776.0,0.0,396.4083255434457,94.94838949102174
579,579.0,23232.0,0.0,402.7067347006029,94.7255453500644
580,580.0,23232.0,0.0,402.7067347006029,94.7255453500644
581,581.0,23697.0,0.0,409.05155505919976,94.49255850844654
582,582.0,23697.0,0.0,409.05155505919976,94.49255850844654
583,583.0,24171.0,0.0,415.4396147372945,94.24903608555476
584,584.0,24171.0,0.0,415.4396147372945,94.24903608555476
585,585.0,24654.0,0.0,421.8674504961036,93.99457509445358
586,586.0,24654.0,0.0,421.8674504961036,93.99457509445358
587,587.0,25147.0,0.0,428.3314715892706,93.72842274012744
588,588.0,25147.0,0.0,428.3314715892706,93.72842274012744
589,589.0,25650.0,0.0,434.8276892862627,93.44999945489806
590,590.0,25650.0,0.0,434.8276892862627,93.44999945489806
591,591.0,26163.0,0.0,441.3517384350924,93.1587798981958
592,592.0,26163.0,0.0,441.3517384350924,93.1587798981958
593,593.0,26686.0,0.0,447.8988765731864,92.85424916121396
594,594.0,26686.0,0.0,447.8988765731864,92.85424916121396
595,595.0,27220.0,0.0,454.4641285012976,92.53552885960568
596,596.0,27220.0,0.0,454.4641285012976,92.53552885960568
597,597.0,27764.0,0.0,461.041875099306,92.20227779786572
598,598.0,27764.0,0.0,461.041875099306,92.20227779786572
599,599.0,28319.0,0.0,467.62626441894975,91.85365754475752
600,600.0,28319.0,0.0,467.62626441894975,91.85365754475752
601,601.0,28885.0,0.0,474.21092838212377,91.48895481289568
602,602.0,28885.0,0.0,474.21092838212377,91.48895481289568
603,603.0,29463.0,0.0,480.78912555532094,91.10711886483882
604,604.0,29463.0,0.0,480.78912555532094,91.10711886483882
605,605.0,30052.0,0.0,487.3533698468338,90.70767217612725
606,606.0,30052.0,0.0,487.3533698468338,90.70767217612725
607,607.0,30653.0,0.0,493.8958094648297,90.28963144940292
608,608.0,30653.0,0.0,493.8958094648297,90.28963144940292
609,609.0,31266.0,0.0,500.4079519260681,89.85213720037643
610,610.0,31266.0,0.0,500.4079519260681,89.85213720037643
611,611.0,31891.0,0.0,506.88067288244537,89.39437047336733
612,612.0,31891.0,0.0,506.88067288244537,89.39437047336733
613,613.0,32529.0,0.0,513.304306557296,88.91511735024987
614,614.0,32529.0,0.0,513.304306557296,88.91511735024987
615,615.0,33180.0,0.0,519.6684036640895,88.41333792978574
616,616.0,33180.0,0.0,519.6684036640895,88.41333792978574
617,617.0,33844.0,0.0,525.96174940369,87.88805709327224
618,618.0,33844.0,0.0,525.96174940369,87.88805709327224
619,619.0,34521.0,0.0,532.1723558426896,87.33831565984612
620,620.0,34521.0,0.0,532.1723558426896,87.33831565984612
621,621.0,35211.0,0.0,538.2874422881097,86.76314838171636
622,622.0,35211.0,0.0,538.2874422881097,86.76314838171636
623,623.0,35915.0,0.0,544.2934750061179,86.16115358925953
624,624.0,35915.0,0.0,544.2934750061179,86.16115358925953
625,625.0,36633.0,0.0,550.1759328545957,85.53108878420515
626,626.0,36633.0,0.0,550.1759328545957,85.53108878420515
627,627.0,37366.0,0.0,555.9193693312982,84.87134826365467
628,628.0,37366.0,0.0,555.9193693312982,84.87134826365467
629,629.0,38113.0,0.0,561.5071608320978,84.18095342914805
630,630.0,38113.0,0.0,561.5071608320978,84.18095342914805
631,631.0,38875.0,0.0,566.9217531101708,83.45840270823302
632,632.0,38875.0,0.0,566.9217531101708,83.45840270823302
633,633.0,39653.0,0.0,572.1444453815009,82.70187470655291
634,634.0,39653.0,0.0,572.1444453815009,82.70187470655291
635,635.0,40446.0,0.0,577.1551871548139,81.91020965343394
636,636.0,40446.0,0.0,577.1551871548139,81.91020965343394
637,637.0,41255.0,0.0,581.932790073925,81.08174369756824
638,638.0,41255.0,0.0,581.932790073925,81.08174369756824
639,639.0,42080.0,0.0,586.4547030780685,80.21494072297375
640,640.0,42080.0,0.0,586.4547030780685,80.21494072297375
641,641.0,42922.0,0.0,590.6970016565048,79.30788253801721
642,642.0,42922.0,0.0,590.6970016565048,79.30788253801721
643,643.0,43780.0,0.0,594.6342239140171,78.35929405486635
644,644.0,43780.0,0.0,594.6342239140171,78.35929405486635
645,645.0,44656.0,0.0,598.2394877715818,77.36695189537218
646,646.0,44656.0,0.0,598.2394877715818,77.36695189537218
647,647.0,45549.0,0.0,601.4841738176965,76.32937325886624
648,648.0,45549.0,0.0,601.4841738176965,76.32937325886624
649,649.0,46460.0,0.0,604.3380654308523,75.24464542876356
650,650.0,46460.0,0.0,604.3380654308523,75.24464542876356
651,651.0,47389.0,0.0,606.769177143874,74.1110334243123
652,652.0,47389.0,0.0,606.769177143874,74.1110334243123
653,653.0,48337.0,0.0,608.7436987737959,72.92647718234326
654,654.0,48337.0,0.0,608.7436987737959,72.92647718234326
655,655.0,49304.0,0.0,610.2258693064106,71.68916338424181
656,656.0,49304.0,0.0,610.2258693064106,71.68916338424181
657,657.0,50290.0,0.0,611.1780121606531,70.3974621169982
658,658.0,50290.0,0.0,611.1780121606531,70.3974621169982
659,659.0,51296.0,0.0,611.5604535983147,69.0494554496722
660,660.0,51296.0,0.0,611.5604535983147,69.0494554496722
661,661.0,52322.0,0.0,611.3314374988644,67.64351405428211
662,662.0,52322.0,0.0,611.3314374988644,67.64351405428211
663,663.0,53368.0,0.0,610.4471839832925,66.17825621820086
664,664.0,53368.0,0.0,610.4471839832925,66.17825621820086
665,665.0,54435.0,0.0,608.8618061565217,64.65210392060457
666,666.0,54435.0,0.0,608.8618061565217,64.65210392060457
667,667.0,55524.0,0.0,606.5271479817754,63.06342641060407
668,668.0,55524.0,0.0,606.5271479817754,63.06342641060407
669,669.0,56634.0,0.0,603.3929906734598,61.41149962493257
670,670.0,56634.0,0.0,603.3929906734598,61.41149962493257
671,671.0,57767.0,0.0,599.4069115582633,59.69509350123202
672,672.0,57767.0,0.0,599.4069115582633,59.69509350123202
673,673.0,58922.0,0.0,594.5145082794212,57.91399890439665
674,674.0,58922.0,0.0,594.5145082794212,57.91399890439665
675,675.0,60100.0,0.0,588.6594505416153,56.068076814421424
676,676.0,60100.0,0.0,588.6594505416153,56.068076814421424
677,677.0,61302.0,0.0,581.7834542221591,54.1574307895375
678,678.0,61302.0,0.0,581.7834542221591,54.1574307895375
679,679.0,62528.0,0.0,573.8265547058409,52.1829417077968
680,680.0,62528.0,0.0,573.8265547058409,52.1829417077968
681,681.0,63779.0,0.0,564.7272168953486,50.14591450952072
682,682.0,63779.0,0.0,564.7272168953486,50.14591450952072
683,683.0,65055.0,0.0,554.4227472331203,48.04860541798904
684,684.0,65055.0,0.0,554.4227472331203,48.04860541798904
685,685.0,66356.0,0.0,542.849762852559,45.894259127226086
686,686.0,66356.0,0.0,542.849762852559,45.894259127226086
687,687.0,67683.0,0.0,529.944436317703,43.68682812702848
688,688.0,67683.0,0.0,529.944436317703,43.68682812702848
689,689.0,69037.0,0.0,515.6428680039629,41.431153993854295
690,690.0,69037.0,0.0,515.6428680039629,41.431153993854295
691,691.0,70418.0,0.0,499.8818726754404,39.133436993023565
692,692.0,70418.0,0.0,499.8818726754404,39.133436993023565
693,693.0,71826.0,0.0,482.5997746669142,36.80126398716212
694,694.0,71826.0,0.0,482.5997746669142,36.80126398716212
695,695.0,73263.0,0.0,463.7366088425133,34.44307649283602
696,696.0,73263.0,0.0,463.7366088425133,34.44307649283602
697,697.0,74728.0,0.0,443.23569027682186,32.06917767950347
698,698.0,74728.0,0.0,443.23569027682186,32.06917767950347
699,699.0,76223.0,0.0,421.0437861208077,29.69083345990147
700,700.0,76223.0,0.0,421.0437861208077,29.69083345990147
701,701.0,77747.0,0.0,397.1129153191865,27.32108393347741
702,702.0,77747.0,0.0,397.1129153191865,27.32108393347741
703,703.0,79302.0,0.0,371.40051279052017,24.97384616591639
704,704.0,79302.0,0.0,371.40051279052017,24.97384616591639
705,705.0,80888.0,0.0,343.8709704454108,22.664284082202208
706,706.0,80888.0,0.0,343.8709704454108,22.664284082202208
707,707.0,82506.0,0.0,314.4963206443308,20.408313320259197
708,708.0,82506.0,0.0,314.4963206443308,20.408313320259197
709,709.0,84156.0,0.0,283.2574769082338,18.22245001021593
710,710.0,84156.0,0.0,283.2574769082338,18.22245001021593
711,711.0,85839.0,0.0,250.14463137500897,16.12317327668614
712,712.0,85839.0,0.0,250.14463137500897,16.12317327668614
713,713.0,87556.0,0.0,215.15771310393745,14.12644079419604
714,714.0,87556.0,0.0,215.15771310393745,14.12644079419604
715,715.0,89307.0,0.0,178.307027990345,12.247237801008538
716,716.0,89307.0,0.0,178.307027990345,12.247237801008538
717,717.0,91093.0,0.0,139.61277351206553,10.498808456379871
718,718.0,91093.0,0.0,139.61277351206553,10.498808456379871
719,719.0,92915.0,0.0,99.10450262713532,8.892069746024536
720,720.0,92915.0,0.0,99.10450262713532,8.892069746024536
721,721.0,94773.0,0.0,56.82065939272324,7.435141084933258
722,722.0,94773.0,0.0,56.82065939272324,7.435141084933258
723,723.0,96668.0,0.0,12.80684729360828,6.132801692738706
724,724.0,96668.0,0.0,12.80684729360828,6.132801692738706
725,725.0,98601.0,0.0,-0.0003775137387074402,4.986232111118276
726,726.0,98601.0,0.0,2.801710271673634,4.986232111118276
727,727.0,93529.0,0.0,2.801710271673634,4.251452666047941
728,728.0,93529.0,0.0,-0.0004261524033641266,4.251452666047941
729,729.0,95400.0,0.0,1.9502548730092413,3.570677644270675
730,730.0,95400.0,0.0,1.9502548730092413,3.570677644270675
731,731.0,90492.0,0.0,-0.00019083929425009528,3.1378328247343736
732,732.0,90492.0,0.0,1.4638950739660173,3.1378328247343736
733,733.0,92302.0,0.0,1.4638950739660173,2.7158311335863283
734,734.0,92302.0,0.0,-0.0001856205041094014,2.7158311335863283
735,735.0,87556.0,0.0,1.1500664416250703,2.4547953620208918
736,736.0,87556.0,0.0,1.1500664416250703,2.4547953620208918
737,737.0,89307.0,0.0,-0.00023958772210331712,2.185652688538441
738,738.0,89307.0,0.0,0.9484270900719745,2.185652688538441
739,739.0,84715.0,0.0,0.9484270900719745,2.028936717099511
740,740.0,84715.0,0.0,-0.00019048713844212523,2.028936717099511
741,741.0,86409.0,0.0,0.8308023894659675,1.8557751708713155
742,742.0,86409.0,0.0,0.8308023894659675,1.8557751708713155
743,743.0,81965.0,0.0,-0.00048723467572134153,1.7670547027200696
744,744.0,81965.0,0.0,0.7383359507784667,1.7670547027200696
745,745.0,83604.0,0.0,0.7383359507784667,1.6583944496151957
746,746.0,83604.0,0.0,-0.000310243814607876,1.6583944496151957
747,747.0,79305.0,0.0,0.7228233975968845,1.6179811778611215
748,748.0,79305.0,0.0,0.7228233975968845,1.6179811778611215
749,749.0,80891.0,0.0,-0.0004870672411081315,1.556422820088761
750,750.0,80891.0,0.0,0.7147352079696295,1.556422820088761
751,751.0,76729.0,0.0,0.7147352079696295,1.554360872990726
752,752.0,76729.0,0.0,-0.00037740677350321807,1.554360872990726
753,753.0,78264.0,0.0,0.7608539127787771,1.5310940672512356
754,754.0,78264.0,0.0,0.7608539127787771,1.5310940672512356
755,755.0,74238.0,0.0,-0.0003599568373965733,1.5636961808708545
756,756.0,74238.0,0.0,0.8367803012958241,1.5636961808708545
757,757.0,75723.0,0.0,0.8367803012958241,1.5757425777623215
758,758.0,75723.0,0.0,-0.0004812230747781239,1.5757425777623215
759,759.0,71826.0,0.0,0.9481393926695072,1.6442767765178072
760,760.0,71826.0,0.0,0.9481393926695072,1.6442767765178072
761,761.0,73263.0,0.0,-0.0004260153382115187,1.6935329927736618
762,762.0,73263.0,0.0,1.1299048474320854,1.6935329927736618
763,763.0,69494.0,0.0,1.1299048474320854,1.8039425354388452
764,764.0,69494.0,0.0,-0.0003993863399762695,1.8039425354388452
765,765.0,70884.0,0.0,1.3903463762828487,1.8972125704655536
766,766.0,70884.0,0.0,1.3903463762828487,1.8972125704655536
767,767.0,67238.0,0.0,-0.00034290314100415267,2.0610084300782154
768,768.0,67238.0,0.0,1.7666683848350593,2.0610084300782154
769,769.0,68583.0,0.0,1.7666683848350593,2.2111626880964583
770,770.0,68583.0,0.0,-8.38917843182977e-05,2.2111626880964583
771,771.0,65055.0,0.0,2.318450930583709,2.44731817982483
772,772.0,65055.0,0.0,2.318450930583709,2.44731817982483
773,773.0,66356.0,0.0,-0.0004606079192109512,2.675606680462325
774,774.0,66356.0,0.0,3.0685368986722183,2.675606680462325
775,775.0,62942.0,0.0,3.0685368986722183,3.013859617634432
776,776.0,62942.0,0.0,-0.0004950143537698044,3.013859617634432
777,777.0,64201.0,0.0,4.1702600255570985,3.353703944995322
778,778.0,64201.0,0.0,4.1702600255570985,3.353703944995322
779,779.0,60898.0,0.0,-0.0004967610210525774,3.839674802165443
780,780.0,60898.0,0.0,5.722301031481862,3.839674802165443
781,781.0,62116.0,0.0,5.722301031481862,4.342502980590774
782,782.0,62116.0,0.0,-0.0004078641540545242,4.342502980590774
783,783.0,58921.0,0.0,7.836269077406005,5.045254049557412
784,784.0,58921.0,0.0,7.836269077406005,5.045254049557412
785,785.0,60099.0,0.0,-0.00015471346794044223,5.788686392870555
786,786.0,60099.0,0.0,10.547378353964724,5.788686392870555
787,787.0,57010.0,0.0,10.547378353964724,6.8106097747288175
788,788.0,57010.0,0.0,-0.00010048131336281684,6.8106097747288175
789,789.0,58150.0,0.0,13.687555199345814,7.908140367545155
790,790.0,58150.0,0.0,13.687555199345814,7.908140367545155
791,791.0,55158.0,0.0,5.710642847628566,9.395704936133251
792,792.0,55158.0,0.0,5.710642847628566,9.395704936133251
793,793.0,56261.0,0.0,-0.000442968775595536,11.004744423069564
794,794.0,56261.0,0.0,18.509099664745005,11.004744423069564
795,795.0,53366.0,0.0,18.509099664745005,13.151647751946296
796,796.0,53366.0,0.0,15.353704760532557,13.151647751946296
797,797.0,54433.0,0.0,15.353704760532557,15.466426521451684
798,798.0,54433.0,0.0,13.220018968045974,15.466426521451684
799,799.0,51633.0,0.0,13.220018968045974,18.49147695848275
800,800.0,51633.0,0.0,11.743899599215991,18.49147695848275
801,801.0,52666.0,0.0,11.743899599215991,21.697186527534647
802,802.0,52666.0,0.0,10.602740725057318,21.697186527534647
803,803.0,49957.0,0.0,10.602740725057318,25.76465431587711
804,804.0,49957.0,0.0,9.528864277836488,25.76465431587711
805,805.0,50956.0,0.0,9.528864277836488,29.922161403493647
806,806.0,50956.0,0.0,8.307694741836826,29.922161403493647
807,807.0,48336.0,0.0,8.307694741836826,34.983281983518
808,808.0,48336.0,0.0,6.768731199021091,34.983281983518
809,809.0,49303.0,0.0,6.768731199021091,39.85477591871247
810,810.0,49303.0,0.0,4.775224140797726,39.85477591871247
811,811.0,46769.0,0.0,4.775224140797726,45.47993703579336
812,812.0,46769.0,0.0,2.214638661319696,45.47993703579336
813,813.0,47704.0,0.0,2.214638661319696,50.44502654515263
814,814.0,47704.0,0.0,-0.00018257720345729968,50.44502654515263
815,815.0,48658.0,0.0,23.367204813574578,54.513003030297504
816,816.0,48658.0,0.0,23.367204813574578,54.513003030297504
817,817.0,46155.0,0.0,19.95076248248101,59.01804301218396
818,818.0,46155.0,0.0,19.95076248248101,59.01804301218396
819,819.0,47078.0,0.0,16.22814088516692,62.34245274607993
820,820.0,47078.0,0.0,16.22814088516692,62.34245274607993
821,821.0,48020.0,0.0,12.035828834703102,64.55695896371321
822,822.0,48020.0,0.0,12.035828834703102,64.55695896371321
823,823.0,48980.0,0.0,7.237111420929993,65.82764093129401
824,824.0,48980.0,0.0,7.237111420929993,65.82764093129401
825,825.0,49960.0,0.0,1.7154014438155458,66.34675759158432
826,826.0,49960.0,0.0,1.7154014438155458,66.34675759158432
827,827.0,50959.0,0.0,-0.00010580299748697097,66.29142577687716
828,828.0,50959.0,0.0,22.13155882238084,66.29142577687716
829,829.0,51978.0,0.0,22.13155882238084,65.80484024573687
830,830.0,51978.0,0.0,15.5201978677888,65.80484024573687
831,831.0,53018.0,0.0,15.5201978677888,64.99452964540482
832,832.0,53018.0,0.0,8.472887936896546,64.99452964540482
833,833.0,54078.0,0.0,8.472887936896546,63.93854734777578
834,834.0,54078.0,0.0,0.8229854137461017,63.93854734777578
835,835.0,55160.0,0.0,0.8229854137461017,62.69100157392445
836,836.0,55160.0,0.0,-0.0001364516165496148,62.69100157392445
837,837.0,56263.0,0.0,21.01716289455541,61.28994967612552
838,838.0,56263.0,0.0,21.01716289455541,61.28994967612552
839,839.0,53370.0,0.0,12.545809686431856,61.451557228416185
840,840.0,53370.0,0.0,12.545809686431856,61.451557228416185
841,841.0,54437.0,0.0,3.645433204713662,61.12388381278289
842,842.0,54437.0,0.0,3.645433204713662,61.12388381278289
843,843.0,55526.0,0.0,-2.147999049904501e-05,60.41487482581037
844,844.0,55526.0,0.0,20.27795730062229,60.41487482581037
845,845.0,56637.0,0.0,20.27795730062229,59.40840911755495
846,846.0,56637.0,0.0,10.936438985982518,59.40840911755495
847,847.0,57770.0,0.0,10.936438985982518,58.167446419752906
848,848.0,57770.0,0.0,1.227318847237041,58.167446419752906
849,849.0,58925.0,0.0,1.227318847237041,56.73838926979626
850,850.0,58925.0,0.0,-0.0002103680143141816,56.73838926979626
851,851.0,60104.0,0.0,19.78840364750581,55.15445443624571
852,852.0,60104.0,0.0,19.78840364750581,55.15445443624571
853,853.0,57014.0,0.0,9.795927162340266,55.13218540394379
854,854.0,57014.0,0.0,9.795927162340266,55.13218540394379
855,855.0,58154.0,0.0,-0.000490317365347745,54.661787920323576
856,856.0,58154.0,0.0,19.47413778221153,54.661787920323576
857,857.0,59317.0,0.0,19.47413778221153,53.82851091824311
858,858.0,59317.0,0.0,9.71013007248322,53.82851091824311
859,859.0,60503.0,0.0,9.71013007248322,52.70234586040107
860,860.0,60503.0,0.0,-0.0004805884496090122,52.70234586040107
861,861.0,61713.0,0.0,19.517845168281333,51.33858489292116
862,862.0,61713.0,0.0,19.517845168281333,51.33858489292116
863,863.0,58540.0,0.0,10.267018525866408,51.43737144678869
864,864.0,58540.0,0.0,10.267018525866408,51.43737144678869
865,865.0,59711.0,0.0,0.870650728187885,51.074216950122086
866,866.0,59711.0,0.0,0.870650728187885,51.074216950122086
867,867.0,60905.0,0.0,-0.00021127027202513655,50.32837344409554
868,868.0,60905.0,0.0,19.836796980887723,50.32837344409554
869,869.0,62123.0,0.0,19.836796980887723,49.26804805827993
870,870.0,62123.0,0.0,10.609158752402363,49.26804805827993
871,871.0,58930.0,0.0,10.609158752402363,49.573840449855865
872,872.0,58930.0,0.0,1.1552626515125772,49.573840449855865
873,873.0,60109.0,0.0,1.1552626515125772,49.39196060938214
874,874.0,60109.0,0.0,-0.0002310590018241865,49.39196060938214
875,875.0,61311.0,0.0,19.850736993204382,48.79938106738412
876,876.0,61311.0,0.0,19.850736993204382,48.79938106738412
877,877.0,62537.0,0.0,10.397424321355109,47.86542130148669
878,878.0,62537.0,0.0,10.397424321355109,47.86542130148669
879,879.0,59322.0,0.0,0.6741547534838592,48.25233430561564
880,880.0,59322.0,0.0,0.6741547534838592,48.25233430561564
881,881.0,60508.0,0.0,-0.0004102621125311714,48.14650406878192
882,882.0,60508.0,0.0,19.713705864233,48.14650406878192
883,883.0,61718.0,0.0,19.713705864233,47.62110783999293
884,884.0,61718.0,0.0,9.912058487694788,47.62110783999293
885,885.0,58542.0,0.0,9.912058487694788,48.329206478678266
886,886.0,58542.0,0.0,-0.0002595815552648651,48.329206478678266
887,887.0,59713.0,0.0,19.561603463071027,48.500048550007165
888,888.0,59713.0,0.0,19.561603463071027,48.500048550007165
889,889.0,60907.0,0.0,10.100262418426778,48.20819281118905
890,890.0,60907.0,0.0,10.100262418426778,48.20819281118905
891,891.0,57773.0,0.0,0.4482881127562387,49.10879281028956
892,892.0,57773.0,0.0,0.4482881127562387,49.10879281028956
893,893.0,58928.0,0.0,-0.0003716808583695339,49.44141196309057
894,894.0,58928.0,0.0,19.61391235801871,49.44141196309057
895,895.0,60107.0,0.0,19.61391235801871,49.28294710507634
896,896.0,60107.0,0.0,10.551911266439731,49.28294710507634
897,897.0,61309.0,0.0,10.551911266439731,48.71022643030068
898,898.0,61309.0,0.0,1.3520387164273031,48.71022643030068
899,899.0,58156.0,0.0,1.3520387164273031,49.39207522033935
900,900.0,58156.0,0.0,-0.0003178823226832279,49.39207522033935
901,901.0,59319.0,0.0,19.935614077221494,49.53322599945924
902,902.0,59319.0,0.0,19.935614077221494,49.53322599945924
903,903.0,60505.0,0.0,10.91116464500449,49.21219232576625
904,904.0,60505.0,0.0,10.91116464500449,49.21219232576625
905,905.0,61715.0,0.0,1.6660380818929446,48.50358488265096
906,906.0,61715.0,0.0,1.6660380818929446,48.50358488265096
907,907.0,58541.0,0.0,-0.00034255987945743443,49.07595065703951
908,908.0,58541.0,0.0,19.95703301892571,49.07595065703951
909,909.0,59712.0,0.0,19.95703301892571,49.12470440955583
910,910.0,59712.0,0.0,10.714938981038769,49.12470440955583
911,911.0,60906.0,0.0,10.714938981038769,48.72693529678065
912,912.0,60906.0,0.0,1.2080631725009254,48.72693529678065
913,913.0,62124.0,0.0,1.2080631725009254,47.95504781311298
914,914.0,62124.0,0.0,-0.00012224740392612245,47.95504781311298
915,915.0,58928.0,0.0,19.85003636547957,48.47140342445519
916,916.0,58928.0,0.0,19.85003636547957,48.47140342445519
917,917.0,60107.0,0.0,10.264668865776835,48.475409461553824
918,918.0,60107.0,0.0,10.264668865776835,48.475409461553824
919,919.0,61309.0,0.0,0.3882648018926057,48.04191405057884
920,920.0,61309.0,0.0,0.3882648018926057,48.04191405057884
921,921.0,58156.0,0.0,-6.84605705287969e-05,48.82712097369255
922,922.0,58156.0,0.0,19.523886912743173,48.82712097369255
923,923.0,59319.0,0.0,19.523886912743173,49.061489890117
924,924.0,59319.0,0.0,10.270898574361684,49.061489890117
925,925.0,60505.0,0.0,10.270898574361684,48.82139828578007
926,926.0,60505.0,0.0,0.8771500649873584,48.82139828578007
927,927.0,60715.0,0.0,0.8771500649873584,48.54523519356727
928,928.0,60715.0,0.0,-0.00044921382400462816,48.54523519356727
929,929.0,57592.0,0.0,19.821088290038062,49.46122125427094
930,930.0,57592.0,0.0,19.821088290038062,49.46122125427094
931,931.0,58744.0,0.0,10.60617678937816,49.80424803754506
932,932.0,58744.0,0.0,10.60617678937816,49.80424803754506
933,933.0,59919.0,0.0,1.1675148980870582,49.65307618030981
934,934.0,59919.0,0.0,1.1675148980870582,49.65307618030981
935,935.0,61117.0,0.0,-8.646757754819418e-05,49.08570109738827
936,936.0,61117.0,0.0,19.8669180474432,49.08570109738827
937,937.0,57973.0,0.0,19.8669180474432,49.77607652428452
938,938.0,57973.0,0.0,10.432629484250905,49.77607652428452
939,939.0,59132.0,0.0,10.432629484250905,49.92221517746572
940,940.0,59132.0,0.0,0.7295504775362317,49.92221517746572
941,941.0,60315.0,0.0,0.7295504775362317,49.60370707715786
942,942.0,60315.0,0.0,-0.0003389533790594826,49.60370707715786
943,943.0,61521.0,0.0,19.72892374376321,48.89665721075171
944,944.0,61521.0,0.0,19.72892374376321,48.89665721075171
945,945.0,58356.0,0.0,9.94860630462464,49.47507277216727
946,946.0,58356.0,0.0,9.94860630462464,49.47507277216727
947,947.0,59523.0,0.0,-0.0002253186927728469,49.5267648115378
948,948.0,59523.0,0.0,19.575546350094434,49.5267648115378
949,949.0,60713.0,0.0,19.575546350094434,49.13022962607009
950,950.0,60713.0,0.0,10.13551379496339,49.13022962607009
951,951.0,61927.0,0.0,10.13551379496339,48.358854545242224
952,952.0,61927.0,0.0,0.5051036758301062,48.358854545242224
953,953.0,58744.0,0.0,0.5051036758301062,48.87941033805227
954,954.0,58744.0,0.0,-0.00019659955683136175,48.87941033805227
955,955.0,59919.0,0.0,19.733072071050344,48.884784831038175
956,956.0,59919.0,0.0,19.733072071050344,48.884784831038175
957,957.0,61117.0,0.0,10.187067280129884,48.45119389264581
958,958.0,61117.0,0.0,10.187067280129884,48.45119389264581
959,959.0,60880.0,0.0,0.3884174549172404,48.17734003719449
960,960.0,60880.0,0.0,0.3884174549172404,48.17734003719449
961,961.0,57751.0,0.0,-1.9681003854294613e-05,49.09071222868407
962,962.0,57751.0,0.0,19.54731472087706,49.09071222868407
963,963.0,58906.0,0.0,19.54731472087706,49.434416785379895
964,964.0,58906.0,0.0,10.443004991745676,49.434416785379895
965,965.0,60084.0,0.0,10.443004991745676,49.28563278358948
966,966.0,60084.0,0.0,1.217832992811975,49.28563278358948
967,967.0,61286.0,0.0,1.217832992811975,48.72085812329534
968,968.0,61286.0,0.0,-0.0001312667439595757,48.72085812329534
969,969.0,58133.0,0.0,19.92289062696904,49.409538954985294
970,970.0,58133.0,0.0,19.92289062696904,49.409538954985294
971,971.0,59296.0,0.0,10.909722338996737,49.55629287706342
972,972.0,59296.0,0.0,10.909722338996737,49.55629287706342
973,973.0,60482.0,0.0,1.6844894704229063,49.23974361055871
974,974.0,60482.0,0.0,1.6844894704229063,49.23974361055871
975,975.0,61692.0,0.0,-0.00034350413522261344,48.53466546042886
976,976.0,61692.0,0.0,19.96318876644606,48.53466546042886
977,977.0,58521.0,0.0,19.96318876644606,49.109499545522254
978,978.0,58521.0,0.0,10.757982797030966,49.109499545522254
979,979.0,59691.0,0.0,10.757982797030966,49.16039684727987
980,980.0,59691.0,0.0,1.292658659735964,49.16039684727987
981,981.0,60885.0,0.0,1.292658659735964,48.76416580893614
982,982.0,60885.0,0.0,-0.00028473334983773724,48.76416580893614
983,983.0,62103.0,0.0,19.86045798867976,47.99335523403494
984,984.0,62103.0,0.0,19.86045798867976,47.99335523403494
985,985.0,58909.0,0.0,10.325172694371574,48.5106891349139
986,986.0,58909.0,0.0,10.325172694371574,48.5106891349139
987,987.0,60087.0,0.0,0.5019440584300481,48.51553516083386
988,988.0,60087.0,0.0,0.5019440584300481,48.51553516083386
989,989.0,61289.0,0.0,-0.00017743051228320578,48.08247262621011
990,990.0,61289.0,0.0,19.682194768059272,48.08247262621011
991,991.0,58138.0,0.0,19.682194768059272,48.8680974289729
992,992.0,58138.0,0.0,9.746542508154496,48.8680974289729
993,993.0,59301.0,0.0,9.746542508154496,49.10240286723308
994,994.0,59301.0,0.0,-0.00011305777040929812,49.10240286723308
995,995.0,60487.0,0.0,19.501670217474405,48.86195109551933
996,996.0,60487.0,0.0,19.501670217474405,48.86195109551933
997,997.0,61697.0,0.0,9.887129295094924,48.221274037910106
998,998.0,61697.0,0.0,9.887129295094924,48.221274037910106
999,999.0,58525.0,0.0,0.0743804086730565,48.84363438671184
1000,1000.0,58525.0,0.0,0.0743804086730565,48.84363438671184
1001,1001.0,59696.0,0.0,15.51055811593204,48.93676554863292
1002,1002.0,59696.0,0.0,15.51055811593204,48.93676554863292
1003,1003.0,60890.0,0.0,6.240745330989815,48.57708822727483
1004,1004.0,60890.0,0.0,6.240745330989815,48.57708822727483
1005,1005.0,60656.0,0.0,-0.0004518628641924624,48.36356674766305
1006,1006.0,60656.0,0.0,19.789418596655445,48.36356674766305
1007,1007.0,57539.0,0.0,19.789418596655445,49.326849524159854
1008,1008.0,57539.0,0.0,11.041233571376749,49.326849524159854
1009,1009.0,58690.0,0.0,11.041233571376749,49.71201354075997
1010,1010.0,58690.0,0.0,2.158739936606582,49.71201354075997
1011,1011.0,59864.0,0.0,2.158739936606582,49.59709858078904
1012,1012.0,59864.0,0.0,-0.0004078991963099406,49.59709858078904
1013,1013.0,61061.0,0.0,20.10441430613714,49.060196469877056
1014,1014.0,61061.0,0.0,20.10441430613714,49.060196469877056
1015,1015.0,57922.0,0.0,11.3884401038079,49.77356916973089
1016,1016.0,57922.0,0.0,11.3884401038079,49.77356916973089
1017,1017.0,59080.0,0.0,2.4561616458548934,49.93949697229317
1018,1018.0,59080.0,0.0,2.4561616458548934,49.93949697229317
1019,1019.0,60262.0,0.0,-0.00010660372655299326,49.6376179454564
1020,1020.0,60262.0,0.0,20.14242034153655,49.6376179454564
1021,1021.0,61467.0,0.0,20.14242034153655,48.94434651028671
1022,1022.0,61467.0,0.0,11.206112847576591,48.94434651028671
1023,1023.0,58305.0,0.0,11.206112847576591,49.5340455374148
1024,1024.0,58305.0,0.0,2.0096995902297814,49.5340455374148
1025,1025.0,59471.0,0.0,2.0096995902297814,49.59506463299759
1026,1026.0,59471.0,0.0,-0.0003668431929329274,49.59506463299759
1027,1027.0,60660.0,0.0,20.005066324298507,49.20615748576478
1028,1028.0,60660.0,0.0,20.005066324298507,49.20615748576478
1029,1029.0,61873.0,0.0,10.72637426227426,48.441011108635536
1030,1030.0,61873.0,0.0,10.72637426227426,48.441011108635536
1031,1031.0,58691.0,0.0,1.1624108689354342,48.96809066214938
1032,1032.0,58691.0,0.0,1.1624108689354342,48.96809066214938
1033,1033.0,59865.0,0.0,-0.00016049636355707663,48.97854012912359
1034,1034.0,59865.0,0.0,19.82713270217492,48.97854012912359
1035,1035.0,61062.0,0.0,19.82713270217492,48.548906498232064
1036,1036.0,61062.0,0.0,10.1448139448863,48.548906498232064
1037,1037.0,62283.0,0.0,10.1448139448863,47.75072568432218
1038,1038.0,62283.0,0.0,0.1601957027957931,47.75072568432218
1039,1039.0,59081.0,0.0,0.1601957027957931,48.24304532059252
1040,1040.0,59081.0,0.0,10.617624672974266,48.24304532059252
1041,1041.0,60263.0,0.0,10.617624672974266,48.22768067052846
1042,1042.0,60263.0,0.0,0.7705983341808026,48.22768067052846
1043,1043.0,61468.0,0.0,0.7705983341808026,47.77863980412633
1044,1044.0,61468.0,0.0,-0.0004183711844852428,47.77863980412633
1045,1045.0,58308.0,0.0,19.57429945893159,48.54819836290919
1046,1046.0,58308.0,0.0,19.57429945893159,48.54819836290919
1047,1047.0,59474.0,0.0,9.903281416427218,48.770992783764086
1048,1048.0,59474.0,0.0,9.903281416427218,48.770992783764086
1049,1049.0,60663.0,0.0,-0.0004693853404161396,48.52232675233913
1050,1050.0,60663.0,0.0,19.579313795979143,48.52232675233913
1051,1051.0,58097.0,0.0,19.579313795979143,49.255309830025695
1052,1052.0,58097.0,0.0,10.390630964718891,49.255309830025695
1053,1053.0,59259.0,0.0,10.390630964718891,49.44141458482824
1054,1054.0,59259.0,0.0,1.0503286462446002,49.44141458482824
1055,1055.0,60444.0,0.0,1.0503286462446002,49.158715067079086
1056,1056.0,60444.0,0.0,-0.0004942975078283706,49.158715067079086
1057,1057.0,57334.0,0.0,19.85493357015462,50.07554380524657
1058,1058.0,57334.0,0.0,19.85493357015462,50.07554380524657
1059,1059.0,58481.0,0.0,10.667572166024629,50.41452363753697
1060,1060.0,58481.0,0.0,10.667572166024629,50.41452363753697
1061,1061.0,59651.0,0.0,1.251031473720268,50.2570653644045
1062,1062.0,59651.0,0.0,1.251031473720268,50.2570653644045
1063,1063.0,60844.0,0.0,-0.0002141342568587296,49.682998984428046
1064,1064.0,60844.0,0.0,19.874609334340462,49.682998984428046
1065,1065.0,57714.0,0.0,19.874609334340462,50.37425066788376
1066,1066.0,57714.0,0.0,10.450079140901758,50.37425066788376
1067,1067.0,58868.0,0.0,10.450079140901758,50.51727067308532
1068,1068.0,58868.0,0.0,0.7540820415785365,50.51727067308532
1069,1069.0,60045.0,0.0,0.7540820415785365,50.194318141828845
1070,1070.0,60045.0,0.0,-6.36550573280648e-05,50.194318141828845
1071,1071.0,61246.0,0.0,19.75124574281436,49.48258368496659
1072,1072.0,61246.0,0.0,19.75124574281436,49.48258368496659
1073,1073.0,58098.0,0.0,9.971613130792138,50.06271491319819
1074,1074.0,58098.0,0.0,9.971613130792138,50.06271491319819
1075,1075.0,59260.0,0.0,-8.195477115715655e-07,50.11238694928824
1076,1076.0,59260.0,0.0,19.590603912453567,50.11238694928824
1077,1077.0,60445.0,0.0,19.590603912453567,49.71220342660179
1078,1078.0,60445.0,0.0,,49.71220342660179
1079,1079.0,61654.0,0.0,,48.93694114550128
1080,1080.0,61654.0,0.0,,48.93694114550128
1081,1081.0,58483.0,0.0,,49.46193934684429
1082,1082.0,58483.0,0.0,,49.46193934684429
1083,1083.0,59653.0,0.0,,49.46772994519124
1084,1084.0,59653.0,0.0,,49.46772994519124
1085,1085.0,60846.0,0.0,,49.03254528120095
1086,1086.0,60846.0,0.0,,49.03254528120095
1087,1087.0,62063.0,0.0,,48.22899303959129
1088,1088.0,62063.0,0.0,,48.22899303959129
1089,1089.0,58872.0,0.0,,48.72304728732574
1090,1090.0,58872.0,0.0,,48.72304728732574
1091,1091.0,60049.0,0.0,,48.70673427204435
1092,1092.0,60049.0,0.0,,48.70673427204435
1093,1093.0,61250.0,0.0,,48.25523633820194
1094,1094.0,61250.0,0.0,,48.25523633820194
1095,1095.0,59303.0,0.0,,48.58757514734695
1096,1096.0,59303.0,0.0,,48.58757514734695
1097,1097.0,60489.0,0.0,,48.433121098275066
1098,1098.0,60489.0,0.0,,48.433121098275066
1099,1099.0,61699.0,0.0,,47.86575462395041
1100,1100.0,61699.0,0.0,,47.86575462395041
1101,1101.0,58525.0,0.0,,48.542870767625246
1102,1102.0,58525.0,0.0,,48.542870767625246
1103,1103.0,59696.0,0.0,,48.68528097289674
1104,1104.0,59696.0,0.0,,48.68528097289674
1105,1105.0,60890.0,0.0,,48.368369745206
1106,1106.0,60890.0,0.0,,48.368369745206
1107,1107.0,57757.0,0.0,,49.25047662276152
1108,1108.0,57757.0,0.0,,49.25047662276152
1109,1109.0,58912.0,0.0,,49.565824508285154
1110,1110.0,58912.0,0.0,,49.565824508285154
1111,1111.0,60090.0,0.0,,49.39234211007434
1112,1112.0,60090.0,0.0,,49.39234211007434
1113,1113.0,61292.0,0.0,,48.80665697947002
1114,1114.0,61292.0,0.0,,48.80665697947002
1115,1115.0,58139.0,0.0,,49.47962365833696
1116,1116.0,58139.0,0.0,,49.47962365833696
1117,1117.0,59302.0,0.0,,49.6124347644001
1118,1118.0,59302.0,0.0,,49.6124347644001
1119,1119.0,60488.0,0.0,,49.28393580916398
1120,1120.0,60488.0,0.0,,49.28393580916398
1121,1121.0,61698.0,0.0,,48.568859728514575
1122,1122.0,61698.0,0.0,,48.568859728514575
1123,1123.0,58526.0,0.0,,49.13646574931596
1124,1124.0,58526.0,0.0,,49.13646574931596
1125,1125.0,59697.0,0.0,,49.18065557492791
1126,1126.0,59697.0,0.0,,49.18065557492791
1127,1127.0,60891.0,0.0,,48.778733618627214
1128,1128.0,60891.0,0.0,,48.778733618627214
1129,1129.0,62109.0,0.0,,48.00319711815915
1130,1130.0,62109.0,0.0,,48.00319711815915
1131,1131.0,58916.0,0.0,,48.51644701559958
1132,1132.0,58916.0,0.0,,48.51644701559958
1133,1133.0,60094.0,0.0,,48.51779249809962
1134,1134.0,60094.0,0.0,,48.51779249809962
1135,1135.0,61296.0,0.0,,48.08180920992734
1136,1136.0,61296.0,0.0,,48.08180920992734
1137,1137.0,58146.0,0.0,,48.864601311594
1138,1138.0,58146.0,0.0,,48.864601311594
